{
  "total_sentences": 347,
  "pii_related": {
    "true": 194,
    "false": 153,
    "null": 0,
    "ratio_of_total": 0.5590778097982709,
    "ratio_of_labeled": 0.5590778097982709,
    "note": null
  },
  "keyword_hint": {
    "true": 231,
    "false": 116,
    "ratio_of_total": 0.6657060518731989
  },
  "doc_id": "Soul"
}