{
  "total_sentences": 323,
  "pii_related": {
    "true": 156,
    "false": 167,
    "null": 0,
    "ratio_of_total": 0.48297213622291024,
    "ratio_of_labeled": 0.48297213622291024,
    "note": null
  },
  "keyword_hint": {
    "true": 204,
    "false": 119,
    "ratio_of_total": 0.631578947368421
  },
  "doc_id": "世纪佳缘"
}