{
  "total_sentences": 323,
  "pii_related": {
    "true": 170,
    "false": 153,
    "null": 0,
    "ratio_of_total": 0.5263157894736842,
    "ratio_of_labeled": 0.5263157894736842,
    "note": null
  },
  "keyword_hint": {
    "true": 204,
    "false": 119,
    "ratio_of_total": 0.631578947368421
  },
  "doc_id": "世纪佳缘"
}