{
  "total_sentences": 106,
  "pii_related": {
    "true": 52,
    "false": 54,
    "null": 0,
    "ratio_of_total": 0.49056603773584906,
    "ratio_of_labeled": 0.49056603773584906,
    "note": null
  },
  "keyword_hint": {
    "true": 89,
    "false": 17,
    "ratio_of_total": 0.839622641509434
  },
  "doc_id": "Hi 医生"
}