{
  "total_sentences": 192,
  "pii_related": {
    "true": 125,
    "false": 67,
    "null": 0,
    "ratio_of_total": 0.6510416666666666,
    "ratio_of_labeled": 0.6510416666666666,
    "note": null
  },
  "keyword_hint": {
    "true": 122,
    "false": 70,
    "ratio_of_total": 0.6354166666666666
  },
  "doc_id": "Blued极速版"
}