{
  "total_sentences": 227,
  "pii_related": {
    "true": 130,
    "false": 97,
    "null": 0,
    "ratio_of_total": 0.5726872246696035,
    "ratio_of_labeled": 0.5726872246696035,
    "note": null
  },
  "keyword_hint": {
    "true": 136,
    "false": 91,
    "ratio_of_total": 0.5991189427312775
  },
  "doc_id": "LOFTER"
}