{
  "total_sentences": 347,
  "pii_related": {
    "true": 159,
    "false": 188,
    "null": 0,
    "ratio_of_total": 0.45821325648414984,
    "ratio_of_labeled": 0.45821325648414984,
    "note": null
  },
  "keyword_hint": {
    "true": 231,
    "false": 116,
    "ratio_of_total": 0.6657060518731989
  },
  "doc_id": "Soul"
}