{
  "total_sentences": 347,
  "pii_related": {
    "true": 293,
    "false": 54,
    "null": 0,
    "ratio_of_total": 0.8443804034582133,
    "ratio_of_labeled": 0.8443804034582133,
    "note": null
  },
  "keyword_hint": {
    "true": 231,
    "false": 116,
    "ratio_of_total": 0.6657060518731989
  },
  "doc_id": "Soul"
}