{
  "total_sentences": 347,
  "pii_related": {
    "true": 193,
    "false": 154,
    "null": 0,
    "ratio_of_total": 0.5561959654178674,
    "ratio_of_labeled": 0.5561959654178674,
    "note": null
  },
  "keyword_hint": {
    "true": 231,
    "false": 116,
    "ratio_of_total": 0.6657060518731989
  },
  "doc_id": "Soul"
}